1761527208,25716.25,25716.25,25716.25,25716.25,8
1761527210,25716.25,25716.25,25716.25,25716.25,0
1761527211,25716.25,25716.25,25716,25716,1
1761527212,25716,25716.5,25716,25716.5,2
1761527213,25716.5,25717,25716.25,25717,6
1761527214,25717,25717,25717,25717,1
1761527215,25717,25717.25,25717,25717.25,1
1761527216,25717.25,25717.25,25717.25,25717.25,0
1761527217,25717.25,25717.75,25717.25,25717.75,10
1761527218,25717.75,25717.75,25717.25,25717.25,5
1761527219,25717.25,25717.25,25716.25,25716.5,28
1761527220,25716.5,25717.25,25716.5,25717,2
1761527221,25717,25718,25717,25717.5,9
1761527222,25717.5,25717.5,25717.5,25717.5,0
1761527223,25717.5,25717.5,25717.25,25717.25,1
1761527224,25717.25,25717.75,25717.25,25717.5,3
1761527225,25717.5,25718,25716,25716.75,67
1761527226,25716.75,25716.75,25716.25,25716.5,9
1761527227,25716.5,25716.75,25716.5,25716.75,1
1761527228,25716.75,25717,25716.25,25716.5,16
1761527229,25716.5,25717,25716.5,25716.5,5
1761527230,25716.5,25716.75,25716.5,25716.75,1
1761527231,25716.75,25716.75,25716.25,25716.25,2
1761527232,25716.25,25716.5,25716.25,25716.5,1
1761527233,25716.5,25716.5,25716.5,25716.5,0
1761527234,25716.5,25716.5,25715.5,25716.25,7
1761527235,25716.25,25716.5,25716.25,25716.5,3
1761527236,25716.5,25716.5,25716.5,25716.5,0
1761527237,25716.5,25716.5,25715.75,25716,12
1761527238,25716,25716,25716,25716,0
1761527239,25716,25716,25716,25716,0
1761527240,25716,25716.5,25715.25,25715.25,16
1761527241,25715.25,25715.25,25715.25,25715.25,2
1761527242,25715.25,25716.25,25715.25,25716.25,6
1761527243,25716.25,25716.25,25715.25,25715.25,3
1761527244,25715.25,25715.25,25715.25,25715.25,0
1761527245,25715.25,25715.25,25715.25,25715.25,0
1761527246,25715.25,25715.5,25715,25715.5,7
1761527247,25715.5,25715.5,25715.5,25715.5,0
1761527248,25715.5,25715.5,25715.5,25715.5,1
1761527249,25715.5,25715.5,25714.75,25715,9
1761527250,25715,25715.75,25715,25715.25,2
1761527251,25715.25,25715.25,25715.25,25715.25,0
1761527252,25715.25,25715.5,25715.25,25715.5,1
1761527253,25715.5,25715.5,25715.5,25715.5,0
1761527254,25715.5,25715.5,25715.5,25715.5,0
1761527255,25715.5,25715.5,25715.5,25715.5,0
1761527256,25715.5,25715.5,25715.5,25715.5,0
1761527257,25715.5,25715.5,25715.5,25715.5,0
1761527258,25715.5,25715.5,25715.5,25715.5,0
1761527259,25715.5,25715.75,25715.5,25715.75,4
1761527260,25715.75,25715.75,25715.5,25715.5,5
1761527261,25715.5,25715.5,25715.5,25715.5,0
1761527262,25715.5,25715.75,25715.25,25715.75,8
1761527263,25715.75,25715.75,25715.25,25715.25,1
1761527264,25715.25,25715.25,25715.25,25715.25,1
1761527265,25715.25,25715.75,25714.75,25715.75,7
1761527266,25715.75,25715.75,25715.75,25715.75,0
1761527267,25715.75,25715.75,25714.75,25714.75,9
1761527268,25714.75,25714.75,25714.75,25714.75,0
1761527269,25714.75,25714.75,25714.5,25714.75,4
1761527270,25714.75,25715.5,25714,25715,33
1761527271,25715,25715,25714,25714.75,7
1761527272,25714.75,25714.75,25714.75,25714.75,3
1761527273,25714.75,25714.75,25714.75,25714.75,4
1761527274,25714.75,25714.75,25714,25714,5
1761527275,25714,25714,25714,25714,0
1761527276,25714,25714,25714,25714,0
1761527277,25714,25714.75,25714,25714.75,3
1761527278,25714.75,25714.75,25714,25714,6
1761527279,25714,25714.25,25713.25,25714,25
1761527280,25714,25714.5,25713,25713.5,33
1761527281,25713.5,25715,25713.5,25715,20
1761527282,25715,25715,25714.25,25714.25,3
1761527283,25714.25,25714.25,25714.25,25714.25,0
1761527284,25714.25,25714.25,25714,25714,6
1761527285,25714,25714,25713.75,25713.75,1
1761527286,25713.75,25714.25,25713.75,25714.25,10
1761527287,25714.25,25714.25,25714.25,25714.25,1
1761527288,25714.25,25714.25,25713.5,25713.5,9
1761527289,25713.5,25714.5,25713.25,25714.5,29
1761527290,25714.5,25715.25,25714.5,25715.25,21
1761527291,25715.25,25715.25,25714.5,25714.5,1
1761527292,25714.5,25714.5,25714,25714.5,2
1761527293,25714.5,25714.75,25714.5,25714.75,1
1761527294,25714.75,25714.75,25714.75,25714.75,2
1761527295,25714.75,25715,25714.75,25715,3
1761527296,25715,25715.25,25715,25715.25,3
1761527297,25715.25,25715.25,25715,25715,1
1761527298,25715,25715.5,25715,25715.25,6
1761527299,25715.25,25715.5,25714.75,25714.75,6
1761527300,25714.75,25715.25,25714.75,25715.25,1
1761527301,25715.25,25715.25,25715,25715,1
1761527302,25715,25715.25,25715,25715.25,4
1761527303,25715.25,25715.25,25714.75,25714.75,4
1761527304,25714.75,25717.25,25714.75,25716.25,37
1761527305,25716.25,25716.25,25716,25716,5
1761527306,25716,25716.5,25715.5,25716.25,11
1761527307,25716.25,25717.25,25716.25,25717.25,12
1761527308,25717.25,25717.5,25716.25,25716.25,14
1761527309,25716.25,25716.75,25716.25,25716.75,19
1761527310,25716.75,25717.5,25716.5,25717.25,34
1761527311,25717.25,25717.25,25717.25,25717.25,1
1761527312,25717.25,25717.25,25716.75,25717,7
1761527313,25717,25717.5,25717,25717.25,5
1761527314,25717.25,25717.25,25716.75,25717.25,6
1761527315,25717.25,25717.25,25716.25,25716.25,5
1761527316,25716.25,25717.25,25716.25,25716.5,8
1761527317,25716.5,25716.5,25716,25716,7
1761527318,25716,25716,25716,25716,4
1761527319,25716,25716,25716,25716,0
1761527320,25716,25716,25716,25716,0
1761527321,25716,25716,25715.75,25715.75,3
1761527322,25715.75,25716.25,25715.5,25715.75,18
1761527323,25715.75,25716,25715.5,25715.5,3
1761527324,25715.5,25715.5,25715.5,25715.5,1
1761527325,25715.5,25715.75,25715.5,25715.75,2
1761527326,25715.75,25715.75,25715.25,25715.25,1
1761527327,25715.25,25716,25715.25,25716,2
1761527328,25716,25716,25716,25716,0
1761527329,25716,25716,25715.75,25715.75,1
1761527330,25715.75,25715.75,25715.25,25715.25,2
1761527331,25715.25,25715.5,25715.25,25715.5,2
1761527332,25715.5,25715.5,25715.5,25715.5,0
1761527333,25715.5,25715.5,25714.75,25715.5,16
1761527334,25715.5,25715.5,25715.5,25715.5,0
1761527335,25715.5,25715.5,25714.75,25714.75,1
1761527336,25714.75,25714.75,25714.25,25714.25,13
1761527337,25714.25,25714.25,25714,25714,2
1761527338,25714,25714.75,25714,25714.75,6
1761527339,25714.75,25714.75,25714.75,25714.75,0
1761527340,25714.75,25714.75,25714.25,25714.25,9
1761527341,25714.25,25714.75,25714.25,25714.75,2
1761527342,25714.75,25714.75,25714.5,25714.5,6
1761527343,25714.5,25714.5,25714.5,25714.5,0
1761527344,25714.5,25715,25714.5,25715,2
1761527345,25715,25715.5,25715,25715.5,3
1761527346,25715.5,25715.5,25714.75,25715,4
1761527347,25715,25715,25714.75,25714.75,1
1761527348,25714.75,25714.75,25714.75,25714.75,0
1761527349,25714.75,25715.25,25714.75,25715.25,2
1761527350,25715.25,25715.25,25714.5,25715,3
1761527351,25715,25715,25715,25715,0
1761527352,25715,25715.5,25714.75,25715.25,17
1761527353,25715.25,25715.25,25715,25715,2
1761527354,25715,25715,25715,25715,0
1761527355,25715,25715,25715,25715,1
1761527356,25715,25715,25715,25715,0
1761527357,25715,25715.25,25715,25715.25,2
1761527358,25715.25,25715.25,25715.25,25715.25,0
1761527359,25715.25,25715.75,25715.25,25715.75,5
1761527360,25715.75,25715.75,25715.25,25715.25,2
1761527361,25715.25,25715.25,25715.25,25715.25,0
1761527362,25715.25,25715.25,25715.25,25715.25,0
1761527363,25715.25,25715.25,25715,25715.25,15
1761527364,25715.25,25715.5,25715,25715,5
1761527365,25715,25715.5,25715,25715.5,2
1761527366,25715.5,25715.5,25715,25715.5,4
1761527367,25715.5,25715.5,25715.5,25715.5,0
1761527368,25715.5,25715.5,25715,25715,1
1761527369,25715,25715,25715,25715,0
1761527370,25715,25715.25,25715,25715.25,6
1761527371,25715.25,25715.5,25715.25,25715.5,1
1761527372,25715.5,25716,25715.5,25716,11
1761527373,25716,25716,25716,25716,0
1761527374,25716,25716,25714.5,25715,13
1761527375,25715,25715.25,25715,25715,6
1761527376,25715,25715,25715,25715,0
1761527377,25715,25715,25714.75,25714.75,1
1761527378,25714.75,25715,25714.5,25714.5,3
1761527379,25714.5,25715,25714.5,25714.5,3
1761527380,25714.5,25714.75,25714.5,25714.5,2
1761527381,25714.5,25714.5,25714.5,25714.5,0
1761527382,25714.5,25715,25714.5,25714.5,2
1761527383,25714.5,25714.5,25714.5,25714.5,0
1761527384,25714.5,25714.5,25714,25714,19
1761527385,25714,25715.5,25714,25715,3
1761527386,25715,25715,25715,25715,0
1761527387,25715,25716,25715,25715.75,4
1761527388,25715.75,25716.25,25715.75,25716.25,4
1761527389,25716.25,25716.5,25716.25,25716.25,2
1761527390,25716.25,25717,25716.25,25716.5,14
1761527391,25716.5,25716.75,25716.5,25716.75,4
1761527392,25716.75,25716.75,25716.25,25716.5,2
1761527393,25716.5,25716.5,25716.5,25716.5,1
1761527394,25716.5,25716.75,25716.25,25716.75,7
1761527395,25716.75,25716.75,25716.75,25716.75,5
1761527396,25716.75,25716.75,25716.75,25716.75,5
1761527397,25716.75,25717.25,25716,25717,12
1761527398,25717,25717.25,25717,25717.25,3
1761527399,25717.25,25717.25,25716,25716,6
1761527400,25716,25716.75,25716,25716.75,11
1761527401,25716.75,25716.75,25716.25,25716.25,2
1761527402,25716.25,25716.5,25716.25,25716.5,1
1761527403,25716.5,25716.75,25716.5,25716.75,2
1761527404,25716.75,25717,25716.75,25717,7
1761527405,25717,25717.25,25717,25717.25,5
1761527406,25717.25,25717.25,25716,25716.5,22
1761527407,25716.5,25716.5,25716.25,25716.5,2
1761527408,25716.5,25716.75,25716.5,25716.75,2
1761527409,25716.75,25716.75,25715.75,25716,10
1761527410,25716,25716.25,25716,25716,3
1761527411,25716,25716,25715.5,25715.5,3
1761527412,25715.5,25715.5,25715.25,25715.25,2
1761527413,25715.25,25715.25,25715.25,25715.25,1
1761527414,25715.25,25715.25,25715.25,25715.25,0
1761527415,25715.25,25715.25,25715.25,25715.25,0
1761527416,25715.25,25716,25715,25716,26
1761527417,25716,25716,25716,25716,0
1761527418,25716,25716,25716,25716,0
1761527419,25716,25716,25715.5,25716,4
1761527420,25716,25716.25,25716,25716.25,1
1761527421,25716.25,25716.5,25716.25,25716.5,2
1761527422,25716.5,25717.5,25716,25717.5,6
1761527423,25717.5,25717.5,25717.5,25717.5,0
1761527424,25717.5,25717.5,25717.5,25717.5,0
1761527425,25717.5,25717.5,25717,25717,1
1761527426,25717,25717,25716.75,25716.75,3
1761527427,25716.75,25717,25716.75,25717,1
1761527428,25717,25717,25717,25717,0
1761527429,25717,25717,25716.5,25716.5,12
1761527430,25716.5,25716.5,25716.5,25716.5,0
1761527431,25716.5,25716.5,25716,25716,5
1761527432,25716,25716.25,25716,25716.25,1
1761527433,25716.25,25716.25,25716.25,25716.25,1
1761527434,25716.25,25716.75,25716.25,25716.25,2
1761527435,25716.25,25716.5,25716.25,25716.5,1
1761527436,25716.5,25716.5,25716,25716,1
1761527437,25716,25716.5,25716,25716,4
1761527438,25716,25716,25716,25716,0
1761527439,25716,25716,25716,25716,0
1761527440,25716,25716.25,25715.25,25716,14
1761527441,25716,25716,25716,25716,0
1761527442,25716,25716,25715.5,25715.75,2
1761527443,25715.75,25716,25715.75,25716,1
1761527444,25716,25716.75,25716,25716.75,3
1761527445,25716.75,25717.5,25716.75,25717.5,3
1761527446,25717.5,25717.5,25714.75,25715.75,70
1761527447,25715.75,25715.75,25715.25,25715.25,1
1761527448,25715.25,25716,25715,25715.5,14
1761527449,25715.5,25715.5,25715.5,25715.5,0
1761527450,25715.5,25715.5,25714.75,25715.5,7
1761527451,25715.5,25716.25,25715.5,25716.25,4
1761527452,25716.25,25716.5,25716.25,25716.25,4
1761527453,25716.25,25716.25,25716.25,25716.25,0
1761527454,25716.25,25717,25716.25,25716.5,4
1761527455,25716.5,25717.25,25716.5,25716.75,6
1761527456,25716.75,25716.75,25716.75,25716.75,0
1761527457,25716.75,25717.75,25716.75,25717.25,9
1761527458,25717.25,25718,25717.25,25717.5,19
1761527459,25717.5,25717.75,25717.5,25717.5,4
1761527460,25717.5,25717.75,25717,25717.75,8
1761527461,25717.75,25718.5,25717.25,25717.75,28
1761527462,25717.75,25717.75,25716.25,25716.25,24
1761527463,25716.25,25716.75,25716.25,25716.5,3
1761527464,25716.5,25716.5,25716.5,25716.5,0
1761527465,25716.5,25716.5,25716.5,25716.5,1
1761527466,25716.5,25716.5,25716.5,25716.5,0
1761527467,25716.5,25716.5,25716.5,25716.5,0
1761527468,25716.5,25716.5,25716,25716,4
1761527469,25716,25716.25,25716,25716.25,1
1761527470,25716.25,25717,25716.25,25717,10
1761527471,25717,25717.25,25716.75,25717.25,4
1761527472,25717.25,25717.75,25717.25,25717.75,2
1761527473,25717.75,25717.75,25717.25,25717.25,1
1761527474,25717.25,25717.25,25717.25,25717.25,0
1761527475,25717.25,25717.25,25717.25,25717.25,1
1761527476,25717.25,25717.75,25717,25717.75,2
1761527477,25717.75,25717.75,25717.5,25717.5,2
1761527478,25717.5,25717.5,25717.5,25717.5,0
1761527479,25717.5,25718,25717.5,25718,1
1761527480,25718,25718,25717.25,25717.25,5
1761527481,25717.25,25717.5,25717.25,25717.25,2
1761527482,25717.25,25717.25,25717.25,25717.25,1
1761527483,25717.25,25717.25,25717,25717.25,7
1761527484,25717.25,25717.75,25717.25,25717.75,3
1761527485,25717.75,25717.75,25717.75,25717.75,1
1761527486,25717.75,25717.75,25717.25,25717.25,1
1761527487,25717.25,25717.5,25717.25,25717.5,2
1761527488,25717.5,25718,25717.5,25718,2
1761527489,25718,25718,25717,25717,5
1761527490,25717,25717,25717,25717,0
1761527491,25717,25717.25,25717,25717.25,1
1761527492,25717.25,25717.25,25717.25,25717.25,0
1761527493,25717.25,25717.25,25716.5,25716.5,4
1761527494,25716.5,25716.5,25716.5,25716.5,0
1761527495,25716.5,25717.25,25716.5,25717.25,5
1761527496,25717.25,25718,25717.25,25717.75,9
1761527497,25717.75,25717.75,25717.75,25717.75,2
1761527498,25717.75,25718.25,25717.75,25718.25,1
1761527499,25718.25,25718.25,25717.5,25717.5,4
1761527500,25717.5,25717.75,25717,25717.5,7
1761527501,25717.5,25717.5,25717.5,25717.5,0
1761527502,25717.5,25717.5,25717.25,25717.25,3
1761527503,25717.25,25717.5,25717.25,25717.5,4
1761527504,25717.5,25718.25,25717.5,25718.25,3
1761527505,25718.25,25718.25,25717.75,25718,3
1761527506,25718,25718,25717.5,25717.5,1
1761527507,25717.5,25717.5,25717.5,25717.5,0
1761527508,25717.5,25718,25717.5,25718,3
1761527509,25718,25718,25718,25718,0
1761527510,25718,25718,25718,25718,2
1761527511,25718,25718,25717.75,25717.75,2
1761527512,25717.75,25717.75,25717.75,25717.75,0
1761527513,25717.75,25717.75,25717.75,25717.75,0
1761527514,25717.75,25718,25717.5,25717.75,13
1761527515,25717.75,25717.75,25717.75,25717.75,0
1761527516,25717.75,25717.75,25717.25,25717.25,5
1761527517,25717.25,25717.5,25717.25,25717.25,5
1761527518,25717.25,25717.25,25717.25,25717.25,0
1761527519,25717.25,25717.25,25717.25,25717.25,0
1761527520,25717.25,25718,25717.25,25718,7
1761527521,25718,25718,25718,25718,0
1761527522,25718,25718,25718,25718,0
1761527523,25718,25718,25717.75,25717.75,2
1761527524,25717.75,25717.75,25717.75,25717.75,0
1761527525,25717.75,25717.75,25717.75,25717.75,0
1761527526,25717.75,25717.75,25717.75,25717.75,0
1761527527,25717.75,25720.25,25717.5,25720,70
1761527528,25720,25720,25719.75,25720,11
1761527529,25720,25720,25719.75,25719.75,1
1761527530,25719.75,25719.75,25719.25,25719.5,8
1761527531,25719.5,25719.5,25718.75,25719,9
1761527532,25719,25719,25719,25719,0
1761527533,25719,25719.25,25719,25719.25,5
1761527534,25719.25,25719.75,25718.5,25719,30
1761527535,25719,25719,25718.75,25718.75,4
1761527536,25718.75,25719.75,25718.75,25719.75,9
1761527537,25719.75,25719.75,25718.5,25718.5,11
1761527538,25718.5,25718.75,25718.5,25718.75,1
1761527539,25718.75,25719,25718.75,25719,1
1761527540,25719,25719,25718.75,25718.75,1
1761527541,25718.75,25718.75,25718.75,25718.75,1
1761527542,25718.75,25718.75,25718.25,25718.5,3
1761527543,25718.5,25718.5,25718.25,25718.25,1
1761527544,25718.25,25718.5,25718.25,25718.5,1
1761527545,25718.5,25718.5,25717.5,25717.75,8
1761527546,25717.75,25717.75,25717.75,25717.75,0
1761527547,25717.75,25717.75,25717.5,25717.5,3
1761527548,25717.5,25717.5,25717.25,25717.25,4
1761527549,25717.25,25718,25717.25,25717.75,18
1761527550,25717.75,25717.75,25717.75,25717.75,0
1761527551,25717.75,25717.75,25717.75,25717.75,0
1761527552,25717.75,25718.5,25717.75,25717.75,10
1761527553,25717.75,25717.75,25717.5,25717.5,1
1761527554,25717.5,25717.5,25717.5,25717.5,0
1761527555,25717.5,25717.5,25717.5,25717.5,0
1761527556,25717.5,25717.5,25717.5,25717.5,0
1761527557,25717.5,25718.75,25717.5,25718.75,1
1761527558,25718.75,25718.75,25718.75,25718.75,1
1761527559,25718.75,25719.25,25718.5,25719,3
1761527560,25719,25720,25719,25720,4
1761527561,25720,25720.25,25719.75,25720.25,6
1761527562,25720.25,25720.25,25719.75,25719.75,3
1761527563,25719.75,25720.25,25719.75,25720.25,1
1761527564,25720.25,25720.25,25720,25720,3
1761527565,25720,25720,25720,25720,0
1761527566,25720,25720,25718.75,25719.25,16
1761527567,25719.25,25719.25,25719.25,25719.25,0
1761527568,25719.25,25719.25,25719.25,25719.25,1
1761527569,25719.25,25719.25,25718.75,25719,13
1761527570,25719,25719,25719,25719,1
1761527571,25719,25719,25719,25719,2
1761527572,25719,25719,25719,25719,0
1761527573,25719,25719,25718.75,25719,3
1761527574,25719,25719.25,25718.5,25719.25,3
1761527575,25719.25,25719.25,25718.25,25718.25,5
1761527576,25718.25,25718.75,25718.25,25718.5,2
1761527577,25718.5,25718.5,25718.5,25718.5,0
1761527578,25718.5,25718.5,25718.5,25718.5,2
1761527579,25718.5,25718.5,25718,25718,8
1761527580,25718,25718,25718,25718,0
1761527581,25718,25718,25718,25718,0
1761527582,25718,25718,25717.25,25717.25,11
1761527583,25717.25,25717.25,25717.25,25717.25,0
1761527584,25717.25,25718.25,25717.25,25718.25,1
1761527585,25718.25,25718.25,25718.25,25718.25,0
1761527586,25718.25,25718.25,25718.25,25718.25,0
1761527587,25718.25,25718.25,25718.25,25718.25,0
1761527588,25718.25,25718.25,25718.25,25718.25,1
1761527589,25718.25,25718.25,25717.25,25717.25,9
1761527590,25717.25,25717.25,25716.5,25716.5,36
1761527591,25716.5,25717,25716.5,25717,11
1761527592,25717,25717,25716.5,25717,7
1761527593,25717,25717,25716,25716.25,10
1761527594,25716.25,25716.5,25715.75,25716,10
1761527595,25716,25716,25715,25715,21
1761527596,25715,25715,25714,25714,22
1761527597,25714,25714.75,25713.75,25714.25,12
1761527598,25714.25,25714.25,25714.25,25714.25,7
1761527599,25714.25,25714.25,25714.25,25714.25,2
1761527600,25714.25,25714.5,25714.25,25714.5,2
1761527601,25714.5,25714.5,25714.25,25714.25,1
1761527602,25714.25,25714.5,25714,25714.25,8
1761527603,25714.25,25714.5,25714.25,25714.5,5
1761527604,25714.5,25714.75,25714.5,25714.5,2
1761527605,25714.5,25714.5,25714,25714,6
1761527606,25714,25714,25714,25714,0
1761527607,25714,25714.25,25714,25714.25,1
1761527608,25714.25,25714.25,25714.25,25714.25,0
1761527609,25714.25,25714.5,25714.25,25714.5,3
1761527610,25714.5,25714.5,25714.25,25714.25,2
1761527611,25714.25,25714.25,25714.25,25714.25,2
1761527612,25714.25,25714.5,25714.25,25714.5,2
1761527613,25714.5,25714.5,25714.5,25714.5,0
1761527614,25714.5,25714.5,25712,25712,75
1761527615,25712,25712.5,25712,25712.5,10
1761527616,25712.5,25712.75,25712.25,25712.5,15
1761527617,25712.5,25713.5,25712.25,25713.5,26
1761527618,25713.5,25713.5,25712.75,25712.75,3
1761527619,25712.75,25713.5,25712.75,25713.25,3
1761527620,25713.25,25713.25,25713.25,25713.25,5
1761527621,25713.25,25713.25,25713.25,25713.25,0
1761527622,25713.25,25713.25,25712.75,25712.75,3
1761527623,25712.75,25712.75,25712.5,25712.75,3
1761527624,25712.75,25712.75,25712,25712.25,4
1761527625,25712.25,25712.25,25711.5,25712,15
1761527626,25712,25712.5,25712,25712.5,9
1761527627,25712.5,25713,25712.5,25713,1
1761527628,25713,25713.25,25712,25713.25,41
1761527629,25713.25,25714.25,25713.25,25713.75,8
1761527630,25713.75,25713.75,25713.25,25713.25,8
1761527631,25713.25,25714.25,25713.25,25714.25,5
1761527632,25714.25,25714.25,25713.75,25713.75,5
1761527633,25713.75,25714,25713.75,25714,1
1761527634,25714,25714,25713.75,25713.75,1
1761527635,25713.75,25713.75,25713.75,25713.75,0
1761527636,25713.75,25713.75,25713.75,25713.75,0
1761527637,25713.75,25713.75,25713.75,25713.75,0
1761527638,25713.75,25713.75,25713.75,25713.75,0
1761527639,25713.75,25714.75,25713.75,25713.75,11
1761527640,25713.75,25714.25,25713.75,25713.75,3
1761527641,25713.75,25714.25,25713.5,25714,12
1761527642,25714,25714,25713,25713,6
1761527643,25713,25714.25,25713,25714.25,2
1761527644,25714.25,25714.25,25714,25714,2
1761527645,25714,25714,25713.25,25713.5,3
1761527646,25713.5,25713.5,25712,25712,8
1761527647,25712,25712.75,25712,25712.75,2
1761527648,25712.75,25712.75,25712.75,25712.75,6
1761527649,25712.75,25712.75,25712.5,25712.5,6
1761527650,25712.5,25713.5,25712.5,25713.25,10
1761527651,25713.25,25713.25,25712.75,25712.75,2
1761527652,25712.75,25713,25712.75,25713,2
1761527653,25713,25713.25,25712.75,25712.75,6
1761527654,25712.75,25712.75,25712.5,25712.75,4
1761527655,25712.75,25712.75,25712,25712,7
1761527656,25712,25712.75,25712,25712.5,8
1761527657,25712.5,25713,25712.5,25712.75,3
1761527658,25712.75,25713.25,25712.75,25713.25,6
1761527659,25713.25,25713.5,25713,25713,7
1761527660,25713,25713.25,25713,25713.25,3
1761527661,25713.25,25713.25,25712.75,25713,2
1761527662,25713,25713.25,25713,25713.25,2
1761527663,25713.25,25713.25,25713.25,25713.25,0
1761527664,25713.25,25713.25,25713.25,25713.25,0
1761527665,25713.25,25713.25,25712.75,25713.25,5
1761527666,25713.25,25713.25,25713.25,25713.25,4
1761527667,25713.25,25713.25,25713.25,25713.25,0
1761527668,25713.25,25713.25,25712.75,25712.75,1
1761527669,25712.75,25712.75,25712.75,25712.75,0
1761527670,25712.75,25712.75,25712.75,25712.75,0
1761527671,25712.75,25712.75,25712.75,25712.75,0
1761527672,25712.75,25712.75,25712.75,25712.75,0
1761527673,25712.75,25713,25712.75,25713,1
1761527674,25713,25713,25712.5,25712.75,3
1761527675,25712.75,25712.75,25712.75,25712.75,0
1761527676,25712.75,25712.75,25712.75,25712.75,0
1761527677,25712.75,25712.75,25712.75,25712.75,0
1761527678,25712.75,25712.75,25712.75,25712.75,0
1761527679,25712.75,25712.75,25712.5,25712.5,5
1761527680,25712.5,25713.5,25712.5,25712.5,18
1761527681,25712.5,25712.75,25712.5,25712.75,3
1761527682,25712.75,25713,25712.5,25712.5,2
1761527683,25712.5,25713,25712.5,25713,1
1761527684,25713,25713,25712.25,25712.5,8
1761527685,25712.5,25712.5,25712.5,25712.5,0
1761527686,25712.5,25712.5,25712,25712,13
1761527687,25712,25712,25712,25712,0
1761527688,25712,25712,25712,25712,1
1761527689,25712,25712,25712,25712,0
1761527690,25712,25712,25711.75,25711.75,5
1761527691,25711.75,25712.25,25711.75,25711.75,9
1761527692,25711.75,25711.75,25711.75,25711.75,0
1761527693,25711.75,25711.75,25711.75,25711.75,0
1761527694,25711.75,25712.5,25711.75,25712,5
1761527695,25712,25712.5,25711.75,25711.75,6
1761527696,25711.75,25712.25,25711.75,25712.25,1
1761527697,25712.25,25712.5,25712,25712,3
1761527698,25712,25712,25712,25712,0
1761527699,25712,25712.5,25711.25,25711.75,17
1761527700,25711.75,25712.25,25711.5,25712.25,16
1761527701,25712.25,25712.5,25711.5,25711.5,13
1761527702,25711.5,25711.5,25711.5,25711.5,0
1761527703,25711.5,25711.75,25711.25,25711.75,4
1761527704,25711.75,25711.75,25711.25,25711.25,6
1761527705,25711.25,25711.5,25711,25711,7
1761527706,25711,25711.25,25711,25711.25,3
1761527707,25711.25,25711.75,25711.25,25711.75,5
1761527708,25711.75,25711.75,25711,25711,3
1761527709,25711,25711.75,25711,25711.75,2
1761527710,25711.75,25711.75,25711,25711,6
1761527711,25711,25711.75,25711,25711.75,4
1761527712,25711.75,25711.75,25711,25711,6
1761527713,25711,25711,25711,25711,0
1761527714,25711,25713,25711,25712.5,21
1761527715,25712.5,25713.5,25712.5,25712.75,7
1761527716,25712.75,25713.25,25712.75,25713,4
1761527717,25713,25713.25,25713,25713.25,3
1761527718,25713.25,25713.25,25713.25,25713.25,0
1761527719,25713.25,25713.75,25713,25713.75,2
1761527720,25713.75,25713.75,25713,25713.25,5
1761527721,25713.25,25713.25,25713.25,25713.25,0
1761527722,25713.25,25713.25,25712.75,25713.25,4
1761527723,25713.25,25713.25,25713,25713,1
1761527724,25713,25713,25713,25713,1
1761527725,25713,25713,25712.75,25712.75,1
1761527726,25712.75,25713.25,25712.75,25713.25,1
1761527727,25713.25,25713.25,25712.5,25713,5
1761527728,25713,25713,25713,25713,0
1761527729,25713,25713,25712.75,25712.75,1
1761527730,25712.75,25712.75,25712.75,25712.75,0
1761527731,25712.75,25713,25712.5,25713,6
1761527732,25713,25713,25712.25,25712.25,3
1761527733,25712.25,25712.25,25711.75,25712.25,7
1761527734,25712.25,25712.5,25711.75,25711.75,4
1761527735,25711.75,25712,25711.75,25712,1
1761527736,25712,25712,25711.5,25711.75,6
1761527737,25711.75,25712,25711.75,25711.75,3
1761527738,25711.75,25712.25,25711.75,25712.25,3
1761527739,25712.25,25712.5,25711.5,25711.5,13
1761527740,25711.5,25711.75,25711.5,25711.75,4
1761527741,25711.75,25711.75,25711.75,25711.75,0
1761527742,25711.75,25711.75,25711.75,25711.75,0
1761527743,25711.75,25713,25711.75,25712.75,12
1761527744,25712.75,25712.75,25712.75,25712.75,0
1761527745,25712.75,25712.75,25712.75,25712.75,0
1761527746,25712.75,25713.25,25712.75,25712.75,4
1761527747,25712.75,25712.75,25712.5,25712.5,1
1761527748,25712.5,25712.5,25712.5,25712.5,0
1761527749,25712.5,25712.5,25712,25712,4
1761527750,25712,25712,25712,25712,0
1761527751,25712,25713.5,25712,25713.5,23
1761527752,25713.5,25713.5,25713,25713,1
1761527753,25713,25713,25712.75,25712.75,1
1761527754,25712.75,25713,25712.5,25712.5,4
1761527755,25712.5,25712.5,25712.5,25712.5,1
1761527756,25712.5,25712.5,25711.5,25711.5,28
1761527757,25711.5,25712.5,25711.5,25712.5,6
1761527758,25712.5,25712.5,25712.5,25712.5,0
1761527759,25712.5,25712.5,25712,25712,6
1761527760,25712,25712,25712,25712,0
1761527761,25712,25712,25712,25712,0
1761527762,25712,25712.25,25712,25712.25,1
1761527763,25712.25,25712.25,25712.25,25712.25,0
1761527764,25712.25,25712.25,25712.25,25712.25,1
1761527765,25712.25,25712.5,25712.25,25712.5,6
1761527766,25712.5,25712.75,25712.5,25712.75,1
1761527767,25712.75,25712.75,25712.75,25712.75,3
1761527768,25712.75,25712.75,25712.5,25712.5,2
1761527769,25712.5,25712.5,25712.5,25712.5,0
1761527770,25712.5,25712.5,25712.5,25712.5,0
1761527771,25712.5,25713.25,25712.5,25713.25,6
1761527772,25713.25,25713.25,25713.25,25713.25,2
1761527773,25713.25,25713.5,25713,25713.5,5
1761527774,25713.5,25713.5,25713.25,25713.25,1
1761527775,25713.25,25713.5,25713.25,25713.5,3
1761527776,25713.5,25713.5,25713.25,25713.25,2
1761527777,25713.25,25713.25,25713.25,25713.25,1
1761527778,25713.25,25713.25,25713.25,25713.25,0
1761527779,25713.25,25713.25,25713.25,25713.25,0
1761527780,25713.25,25713.25,25713.25,25713.25,0
1761527781,25713.25,25713.25,25713.25,25713.25,1
1761527782,25713.25,25714.25,25713.25,25714.25,19
1761527783,25714.25,25714.25,25714.25,25714.25,2
1761527784,25714.25,25714.5,25713.75,25714,8
1761527785,25714,25714,25713.5,25714,5
1761527786,25714,25714.75,25713.5,25714.5,10
1761527787,25714.5,25714.5,25714.25,25714.25,7
1761527788,25714.25,25714.5,25714,25714,4
1761527789,25714,25714.75,25714,25714.75,4
1761527790,25714.75,25715,25714.75,25715,3
1761527791,25715,25715,25714.5,25714.5,1
1761527792,25714.5,25715.5,25714.5,25715.5,30
1761527793,25715.5,25715.5,25715,25715.25,4
1761527794,25715.25,25716,25715.25,25716,14
1761527795,25716,25716,25715.5,25715.5,1
1761527796,25715.5,25716.25,25715.25,25716.25,7
1761527797,25716.25,25716.25,25716,25716,4
1761527798,25716,25716,25715.5,25715.5,1
1761527799,25715.5,25715.5,25715.25,25715.25,2
1761527800,25715.25,25715.25,25715.25,25715.25,1
1761527801,25715.25,25715.75,25715.25,25715.75,2
1761527802,25715.75,25715.75,25715.75,25715.75,0
1761527803,25715.75,25715.75,25715.25,25715.5,11
1761527804,25715.5,25715.5,25714.75,25715.25,30
1761527805,25715.25,25715.5,25714.75,25714.75,7
1761527806,25714.75,25715,25714.75,25715,1
1761527807,25715,25715,25714.5,25714.5,1
1761527808,25714.5,25714.5,25714.25,25714.25,4
1761527809,25714.25,25714.75,25713.75,25713.75,15
1761527810,25713.75,25714.5,25713.25,25714.5,11
1761527811,25714.5,25715.25,25714.5,25715.25,6
1761527812,25715.25,25715.25,25714.75,25715,3
1761527813,25715,25715,25714.75,25714.75,7
1761527814,25714.75,25714.75,25714.75,25714.75,0
1761527815,25714.75,25715,25714.75,25715,1
1761527816,25715,25715,25714.5,25714.5,2
1761527817,25714.5,25714.5,25714.25,25714.25,1
1761527818,25714.25,25714.25,25714.25,25714.25,0
1761527819,25714.25,25714.5,25714.25,25714.25,4
1761527820,25714.25,25714.5,25713.75,25714.5,22
1761527821,25714.5,25714.5,25714,25714,3
1761527822,25714,25714.5,25714,25714.5,1
1761527823,25714.5,25714.75,25714.5,25714.5,6
1761527824,25714.5,25714.5,25714.5,25714.5,0
1761527825,25714.5,25714.5,25714.5,25714.5,0
1761527826,25714.5,25714.5,25714.25,25714.25,1
1761527827,25714.25,25714.25,25714.25,25714.25,0
1761527828,25714.25,25714.25,25714.25,25714.25,0
1761527829,25714.25,25714.5,25714.25,25714.5,1
1761527830,25714.5,25715,25714.5,25715,8
1761527831,25715,25715.5,25714.75,25714.75,5
1761527832,25714.75,25714.75,25714.75,25714.75,0
1761527833,25714.75,25715.25,25714.75,25714.75,2
1761527834,25714.75,25714.75,25714.75,25714.75,1
1761527835,25714.75,25714.75,25713.75,25714.25,14
1761527836,25714.25,25714.75,25714,25714,16
1761527837,25714,25714,25714,25714,0
1761527838,25714,25714.25,25714,25714,3
1761527839,25714,25714,25714,25714,0
1761527840,25714,25714,25714,25714,0
1761527841,25714,25714,25714,25714,0
1761527842,25714,25714,25714,25714,0
1761527843,25714,25714.5,25714,25714.5,3
1761527844,25714.5,25714.75,25714.5,25714.75,2
1761527845,25714.75,25714.75,25714.75,25714.75,1
1761527846,25714.75,25715,25714.75,25714.75,2
1761527847,25714.75,25714.75,25714.75,25714.75,0
1761527848,25714.75,25714.75,25714.75,25714.75,1
1761527849,25714.75,25715.25,25714.75,25715.25,3
1761527850,25715.25,25715.25,25715.25,25715.25,0
1761527851,25715.25,25715.25,25715.25,25715.25,0
1761527852,25715.25,25715.25,25715.25,25715.25,0
1761527853,25715.25,25715.25,25715.25,25715.25,0
1761527854,25715.25,25715.25,25715.25,25715.25,0
1761527855,25715.25,25715.25,25714.75,25714.75,3
1761527856,25714.75,25714.75,25714.75,25714.75,0
1761527857,25714.75,25714.75,25714.75,25714.75,0
1761527858,25714.75,25715.5,25714.75,25715.5,5
1761527859,25715.5,25715.5,25715.5,25715.5,0
1761527860,25715.5,25715.5,25715.5,25715.5,0
1761527861,25715.5,25715.5,25715.5,25715.5,0
1761527862,25715.5,25715.5,25715.5,25715.5,0
1761527863,25715.5,25715.5,25715.25,25715.25,2
1761527864,25715.25,25715.25,25715,25715,3
1761527865,25715,25715,25715,25715,0
1761527866,25715,25715.25,25714.75,25715,13
1761527867,25715,25715.5,25715,25715.5,1
1761527868,25715.5,25715.5,25715.5,25715.5,0
1761527869,25715.5,25715.5,25715,25715,1
1761527870,25715,25715.25,25715,25715.25,1
1761527871,25715.25,25715.25,25715.25,25715.25,0
1761527872,25715.25,25715.25,25715,25715,5
1761527873,25715,25715,25714.75,25714.75,1
1761527874,25714.75,25714.75,25714.5,25714.5,3
1761527875,25714.5,25714.5,25714.5,25714.5,0
1761527876,25714.5,25714.75,25714.5,25714.75,1
1761527877,25714.75,25714.75,25714.75,25714.75,0
1761527878,25714.75,25715,25714.75,25715,1
1761527879,25715,25715,25714.5,25714.5,5
1761527880,25714.5,25714.5,25714.5,25714.5,0
1761527881,25714.5,25714.5,25714,25714,3
1761527882,25714,25714.75,25714,25714.75,1
1761527883,25714.75,25715.75,25714.75,25715.75,19
1761527884,25715.75,25715.75,25715.75,25715.75,0
1761527885,25715.75,25715.75,25715.75,25715.75,0
1761527886,25715.75,25715.75,25715.75,25715.75,0
1761527887,25715.75,25715.75,25715,25715,1
1761527888,25715,25715.25,25715,25715.25,2
1761527889,25715.25,25715.25,25715.25,25715.25,0
1761527890,25715.25,25715.5,25715.25,25715.5,3
1761527891,25715.5,25715.5,25715.5,25715.5,0
1761527892,25715.5,25715.5,25715.5,25715.5,0
1761527893,25715.5,25715.5,25715.5,25715.5,0
1761527894,25715.5,25715.5,25715.5,25715.5,0
1761527895,25715.5,25715.5,25714.75,25714.75,1
1761527896,25714.75,25714.75,25714.75,25714.75,0
1761527897,25714.75,25715.5,25714.75,25715.5,1
1761527898,25715.5,25715.5,25715.5,25715.5,1
1761527899,25715.5,25715.5,25715.5,25715.5,1
1761527900,25715.5,25715.5,25715.5,25715.5,0
1761527901,25715.5,25715.5,25715.5,25715.5,1
1761527902,25715.5,25716,25715.5,25716,10
1761527903,25716,25716,25716,25716,0
1761527904,25716,25716.5,25715.75,25716.5,7
1761527905,25716.5,25717.5,25716.5,25717.5,31
1761527906,25717.5,25717.5,25717,25717.25,15
1761527907,25717.25,25717.75,25717.25,25717.75,6
1761527908,25717.75,25717.75,25717.25,25717.5,8
1761527909,25717.5,25717.5,25717.5,25717.5,1
1761527910,25717.5,25717.5,25717.5,25717.5,0
1761527911,25717.5,25717.5,25717,25717,2
1761527912,25717,25717.75,25717,25717.5,9
1761527913,25717.5,25718,25717.5,25718,3
1761527914,25718,25718,25718,25718,0
1761527915,25718,25718,25717.5,25717.5,3
1761527916,25717.5,25718.25,25717.5,25717.5,7
1761527917,25717.5,25718,25717.5,25718,2
1761527918,25718,25718,25718,25718,1
1761527919,25718,25718.75,25718,25718.25,18
1761527920,25718.25,25718.25,25717.75,25718.25,3
1761527921,25718.25,25718.25,25718.25,25718.25,0
1761527922,25718.25,25718.25,25718,25718,1
1761527923,25718,25718,25717.5,25717.5,1
1761527924,25717.5,25717.5,25717.25,25717.5,4
1761527925,25717.5,25717.5,25717.5,25717.5,1
1761527926,25717.5,25717.5,25717.5,25717.5,1
1761527927,25717.5,25717.5,25717,25717,4
1761527928,25717,25717.5,25717,25717.5,1
1761527929,25717.5,25717.5,25717.5,25717.5,0
1761527930,25717.5,25717.5,25717.5,25717.5,0
1761527931,25717.5,25717.5,25717.5,25717.5,0
1761527932,25717.5,25717.5,25717.5,25717.5,1
1761527933,25717.5,25717.5,25717,25717,1
1761527934,25717,25717,25717,25717,2
1761527935,25717,25717.25,25716.75,25717,20
1761527936,25717,25717,25717,25717,0
1761527937,25717,25717.5,25717,25717.5,7
1761527938,25717.5,25717.5,25716.75,25716.75,1
1761527939,25716.75,25717.5,25716.75,25716.75,10
1761527940,25716.75,25716.75,25716.75,25716.75,0
1761527941,25716.75,25717.75,25716.75,25717.75,3
1761527942,25717.75,25717.75,25717.75,25717.75,0
1761527943,25717.75,25717.75,25717.75,25717.75,1
1761527944,25717.75,25717.75,25717.75,25717.75,0
1761527945,25717.75,25717.75,25717.75,25717.75,3
1761527946,25717.75,25717.75,25717.75,25717.75,0
1761527947,25717.75,25717.75,25717.25,25717.25,5
1761527948,25717.25,25717.75,25717.25,25717.75,2
1761527949,25717.75,25718,25717.75,25718,2
1761527950,25718,25718,25717.5,25717.5,1
1761527951,25717.5,25718,25717.25,25717.75,12
1761527952,25717.75,25717.75,25717.5,25717.5,3
1761527953,25717.5,25717.5,25717.5,25717.5,0
1761527954,25717.5,25717.5,25717.5,25717.5,0
1761527955,25717.5,25718,25717.5,25718,9
1761527956,25718,25718.25,25718,25718.25,2
1761527957,25718.25,25718.25,25718.25,25718.25,0
1761527958,25718.25,25718.25,25718.25,25718.25,0
1761527959,25718.25,25718.25,25718.25,25718.25,0
1761527960,25718.25,25718.25,25718.25,25718.25,1
1761527961,25718.25,25718.5,25718.25,25718.5,3
1761527962,25718.5,25719.5,25718.25,25718.25,31
1761527963,25718.25,25718.25,25718,25718.25,4
1761527964,25718.25,25718.25,25718.25,25718.25,0
1761527965,25718.25,25718.25,25717.75,25717.75,2
1761527966,25717.75,25717.75,25717.75,25717.75,0
1761527967,25717.75,25717.75,25717.5,25717.5,3
1761527968,25717.5,25717.5,25717.5,25717.5,0
1761527969,25717.5,25717.5,25717.5,25717.5,1
1761527970,25717.5,25717.5,25717.25,25717.5,5
1761527971,25717.5,25718,25717.5,25718,9
1761527972,25718,25718,25718,25718,0
1761527973,25718,25718,25717.75,25718,3
1761527974,25718,25718,25717.75,25717.75,2
1761527975,25717.75,25717.75,25717.75,25717.75,1
1761527976,25717.75,25718,25717.75,25718,3
1761527977,25718,25718,25718,25718,0
1761527978,25718,25718,25718,25718,0
1761527979,25718,25718,25717.75,25717.75,2
1761527980,25717.75,25718.75,25717.75,25718.25,5
1761527981,25718.25,25718.75,25718,25718,5
1761527982,25718,25718.75,25718,25718.75,2
1761527983,25718.75,25718.75,25718.5,25718.5,1
1761527984,25718.5,25718.5,25718.5,25718.5,0
1761527985,25718.5,25718.5,25718.5,25718.5,0
1761527986,25718.5,25718.5,25718.5,25718.5,0
1761527987,25718.5,25718.5,25718,25718.5,7
1761527988,25718.5,25718.5,25718.5,25718.5,0
1761527989,25718.5,25718.5,25718.5,25718.5,0
1761527990,25718.5,25718.5,25718.5,25718.5,0
1761527991,25718.5,25718.5,25718.5,25718.5,1
1761527992,25718.5,25718.5,25718.25,25718.25,1
1761527993,25718.25,25718.25,25718,25718,1
1761527994,25718,25718,25718,25718,0
1761527995,25718,25718,25718,25718,1
1761527996,25718,25718,25718,25718,0
1761527997,25718,25718,25718,25718,2
1761527998,25718,25718,25718,25718,0
1761527999,25718,25718,25717.5,25717.5,7
1761528000,25717.5,25717.75,25717.5,25717.75,1
1761528001,25717.75,25717.75,25717.75,25717.75,0
1761528002,25717.75,25717.75,25717.75,25717.75,1
1761528003,25717.75,25718.25,25717.75,25718,8
1761528004,25718,25718.25,25717.75,25718.25,6
1761528005,25718.25,25718.25,25717.75,25717.75,5
1761528006,25717.75,25717.75,25717.75,25717.75,0
1761528007,25717.75,25717.75,25717.75,25717.75,0
1761528008,25717.75,25717.75,25717.5,25717.5,5
1761528009,25717.5,25717.75,25717.5,25717.75,3
1761528010,25717.75,25717.75,25717.5,25717.5,1
1761528011,25717.5,25717.75,25717.5,25717.75,4
1761528012,25717.75,25717.75,25717.75,25717.75,0
1761528013,25717.75,25717.75,25717.75,25717.75,1
1761528014,25717.75,25718,25717.75,25717.75,10
1761528015,25717.75,25718.5,25717.75,25718.5,9
1761528016,25718.5,25719,25718.5,25719,4
1761528017,25719,25719,25719,25719,0
1761528018,25719,25719.25,25718.5,25719.25,23
1761528019,25719.25,25719.5,25719.25,25719.5,1
1761528020,25719.5,25719.5,25719,25719.5,2
1761528021,25719.5,25719.5,25719,25719,1
1761528022,25719,25719.5,25719,25719.5,5
1761528023,25719.5,25719.5,25719,25719.5,3
1761528024,25719.5,25719.75,25719.25,25719.75,2
1761528025,25719.75,25719.75,25719.5,25719.75,4
1761528026,25719.75,25719.75,25719.5,25719.5,3
1761528027,25719.5,25719.5,25719.5,25719.5,2
1761528028,25719.5,25721,25719.5,25720,70
1761528029,25720,25720,25719.25,25719.5,5
1761528030,25719.5,25719.75,25718.75,25719.5,18
1761528031,25719.5,25719.5,25719.5,25719.5,0
1761528032,25719.5,25720,25719.5,25719.5,6
1761528033,25719.5,25719.5,25719.5,25719.5,0
1761528034,25719.5,25719.75,25719.25,25719.75,14
1761528035,25719.75,25719.75,25719.75,25719.75,0
1761528036,25719.75,25719.75,25719,25719,12
1761528037,25719,25719,25717.75,25717.75,8
1761528038,25717.75,25718.25,25717.75,25718.25,1
1761528039,25718.25,25718.25,25718,25718,1
1761528040,25718,25718,25718,25718,0
1761528041,25718,25718,25718,25718,1
1761528042,25718,25718,25718,25718,0
1761528043,25718,25718.5,25718,25718.5,1
1761528044,25718.5,25718.75,25718.5,25718.75,1
1761528045,25718.75,25718.75,25718.75,25718.75,3
1761528046,25718.75,25718.75,25718,25718.25,2
1761528047,25718.25,25719,25718,25719,3
1761528048,25719,25719.25,25718.75,25719.25,2
1761528049,25719.25,25719.25,25718.75,25718.75,1
1761528050,25718.75,25718.75,25718.75,25718.75,0
1761528051,25718.75,25718.75,25718.75,25718.75,0
1761528052,25718.75,25719,25718.75,25718.75,2
1761528053,25718.75,25719.25,25718.75,25719.25,2
1761528054,25719.25,25719.5,25719,25719.5,3
1761528055,25719.5,25719.5,25719.25,25719.25,1
1761528056,25719.25,25719.25,25719,25719,1
1761528057,25719,25719.25,25719,25719.25,1
1761528058,25719.25,25719.25,25719.25,25719.25,1
1761528059,25719.25,25719.5,25719.25,25719.25,5
1761528060,25719.25,25720.5,25719.25,25719.5,16
1761528061,25719.5,25720.25,25719.5,25720.25,7
1761528062,25720.25,25720.75,25720,25720,7
1761528063,25720,25721.25,25719.5,25719.5,49
1761528064,25719.5,25719.5,25719.5,25719.5,0
1761528065,25719.5,25719.75,25719.5,25719.75,1
1761528066,25719.75,25720.25,25719.75,25720.25,3
1761528067,25720.25,25720.25,25720.25,25720.25,0
1761528068,25720.25,25720.75,25720.25,25720.25,7
1761528069,25720.25,25720.25,25720.25,25720.25,0
1761528070,25720.25,25720.5,25720.25,25720.5,2
1761528071,25720.5,25721,25720.25,25720.25,14
1761528072,25720.25,25720.75,25720.25,25720.5,3
1761528073,25720.5,25720.5,25719.75,25720,13
1761528074,25720,25720,25719.5,25719.5,1
1761528075,25719.5,25720.25,25719.5,25720.25,3
1761528076,25720.25,25720.5,25720.25,25720.5,1
1761528077,25720.5,25720.5,25720.25,25720.25,1
1761528078,25720.25,25720.25,25720.25,25720.25,0
1761528079,25720.25,25720.25,25720.25,25720.25,0
1761528080,25720.25,25720.5,25720.25,25720.5,1
1761528081,25720.5,25720.5,25720.5,25720.5,0
1761528082,25720.5,25721,25720.5,25721,1
1761528083,25721,25721,25721,25721,0
1761528084,25721,25721,25720.5,25720.5,3
1761528085,25720.5,25720.5,25719.75,25719.75,4
1761528086,25719.75,25720,25719.5,25720,8
1761528087,25720,25720,25719.75,25720,8
1761528088,25720,25720,25720,25720,0
1761528089,25720,25720,25720,25720,0
1761528090,25720,25720,25719.25,25719.25,1
1761528091,25719.25,25719.25,25719,25719,2
1761528092,25719,25719.5,25719,25719.25,2
1761528093,25719.25,25719.75,25719.25,25719.75,1
1761528094,25719.75,25719.75,25719.75,25719.75,0
1761528095,25719.75,25719.75,25719.5,25719.5,2
1761528096,25719.5,25719.5,25719.25,25719.5,5
1761528097,25719.5,25720.25,25719.5,25720.25,4
1761528098,25720.25,25720.25,25720.25,25720.25,0
1761528099,25720.25,25720.25,25720.25,25720.25,0
1761528100,25720.25,25720.25,25720.25,25720.25,0
1761528101,25720.25,25720.25,25720.25,25720.25,0
1761528102,25720.25,25720.25,25720.25,25720.25,0
1761528103,25720.25,25720.25,25720.25,25720.25,0
1761528104,25720.25,25720.25,25720.25,25720.25,0
1761528105,25720.25,25720.25,25720.25,25720.25,0
1761528106,25720.25,25721,25720.25,25721,3
1761528107,25721,25721.25,25721,25721.25,4
1761528108,25721.25,25721.5,25721.25,25721.5,12
1761528109,25721.5,25721.5,25721,25721,2
1761528110,25721,25721.5,25721,25721.5,1
1761528111,25721.5,25723,25721,25723,54
1761528112,25723,25723,25722.25,25722.25,7
1761528113,25722.25,25722.25,25721,25721,19
1761528114,25721,25722.5,25721,25721.25,60
1761528115,25721.25,25722.5,25721.25,25722.25,8
1761528116,25722.25,25722.25,25721.75,25722.25,6
1761528117,25722.25,25722.25,25721.75,25722.25,5
1761528118,25722.25,25722.25,25721.75,25721.75,2
1761528119,25721.75,25722.5,25721.5,25722.5,10
1761528120,25722.5,25722.5,25721.75,25722,5
1761528121,25722,25722.75,25722,25722.75,7
1761528122,25722.75,25722.75,25722.75,25722.75,1
1761528123,25722.75,25722.75,25722.5,25722.75,3
1761528124,25722.75,25722.75,25722.25,25722.5,12
1761528125,25722.5,25722.5,25722.5,25722.5,1
1761528126,25722.5,25722.75,25722.5,25722.75,5
1761528127,25722.75,25723,25722.75,25723,5
1761528128,25723,25723.25,25722.5,25722.5,12
1761528129,25722.5,25723.25,25722.5,25723.25,15
1761528130,25723.25,25723.25,25722.5,25722.5,4
1761528131,25722.5,25723,25722.25,25722.25,22
1761528132,25722.25,25722.75,25722.25,25722.75,1
1761528133,25722.75,25722.75,25722.25,25722.25,2
1761528134,25722.25,25722.25,25721.25,25721.5,14
1761528135,25721.5,25721.5,25720.5,25720.75,15
1761528136,25720.75,25721.25,25720.25,25721.25,7
1761528137,25721.25,25721.25,25720.25,25720.5,11
1761528138,25720.5,25721.25,25720.5,25721.25,12
1761528139,25721.25,25721.75,25721,25721.75,5
1761528140,25721.75,25722,25721.5,25722,4
1761528141,25722,25722.25,25722,25722.25,1
1761528142,25722.25,25722.75,25722.25,25722.75,3
1761528143,25722.75,25723,25722.75,25722.75,5
1761528144,25722.75,25722.75,25722.75,25722.75,0
1761528145,25722.75,25723.5,25722.75,25723.25,16
1761528146,25723.25,25723.25,25723,25723,1
1761528147,25723,25723.5,25723,25723.5,1
1761528148,25723.5,25723.5,25723,25723,4
1761528149,25723,25724.25,25723,25724.25,16
1761528150,25724.25,25724.25,25724.25,25724.25,1
1761528151,25724.25,25724.25,25723.5,25724.25,6
1761528152,25724.25,25725.25,25723.75,25724.5,45
1761528153,25724.5,25724.75,25724.25,25724.75,5
1761528154,25724.75,25725.5,25724.75,25725,5
1761528155,25725,25725.5,25725,25725.5,4
1761528156,25725.5,25725.5,25724.75,25725,3
1761528157,25725,25725.25,25725,25725.25,2
1761528158,25725.25,25725.25,25724.75,25725,7
1761528159,25725,25725.25,25725,25725.25,1
1761528160,25725.25,25725.25,25725,25725,4
1761528161,25725,25725,25724.75,25725,5
1761528162,25725,25725,25724.25,25724.25,7
1761528163,25724.25,25724.25,25724.25,25724.25,3
1761528164,25724.25,25725.25,25724.25,25725.25,20
1761528165,25725.25,25725.25,25724.5,25724.5,1
1761528166,25724.5,25724.75,25724.5,25724.75,1
1761528167,25724.75,25725.5,25724.75,25725.5,4
1761528168,25725.5,25726.25,25725.25,25725.25,30
1761528169,25725.25,25726,25725.25,25725.5,4
1761528170,25725.5,25726,25725.5,25726,6
1761528171,25726,25726.25,25725.5,25726.25,4
1761528172,25726.25,25726.25,25725.5,25726.25,12
1761528173,25726.25,25726.25,25726,25726,1
1761528174,25726,25726,25726,25726,3
1761528175,25726,25726,25726,25726,3
1761528176,25726,25726,25726,25726,0
1761528177,25726,25726,25726,25726,1
1761528178,25726,25726.5,25726,25726.5,4
1761528179,25726.5,25726.5,25725.75,25725.75,8
1761528180,25725.75,25725.75,25725.75,25725.75,0
1761528181,25725.75,25726.5,25725.75,25726.5,3
1761528182,25726.5,25727,25726.5,25727,8
1761528183,25727,25727,25726.75,25727,5
1761528184,25727,25727.5,25726.75,25726.75,11
1761528185,25726.75,25726.75,25726.75,25726.75,3
1761528186,25726.75,25727,25726.5,25726.5,2
1761528187,25726.5,25727,25726.5,25727,1
1761528188,25727,25727,25727,25727,0
1761528189,25727,25727,25726.5,25726.5,6
1761528190,25726.5,25727.5,25726.5,25727,18
1761528191,25727,25727,25727,25727,0
1761528192,25727,25727,25726,25726,7
1761528193,25726,25726.25,25725.5,25725.5,7
1761528194,25725.5,25725.5,25725,25725,6
1761528195,25725,25725,25725,25725,2
1761528196,25725,25725,25725,25725,0
1761528197,25725,25725,25725,25725,0
1761528198,25725,25725,25725,25725,1
1761528199,25725,25725.5,25725,25725.5,3
1761528200,25725.5,25725.5,25725.5,25725.5,0
1761528201,25725.5,25726.25,25725.5,25726.25,3
1761528202,25726.25,25726.25,25726.25,25726.25,0
1761528203,25726.25,25726.75,25726.25,25726.25,7
1761528204,25726.25,25726.75,25726.25,25726.75,1
1761528205,25726.75,25726.75,25726.25,25726.25,4
1761528206,25726.25,25726.5,25726,25726,3
1761528207,25726,25726.5,25726,25726.5,2
1761528208,25726.5,25726.5,25726.5,25726.5,0
1761528209,25726.5,25726.5,25725.25,25725.5,5
1761528210,25725.5,25725.5,25725,25725.5,12
1761528211,25725.5,25726,25725.25,25726,11
1761528212,25726,25726,25725.25,25725.5,4
1761528213,25725.5,25725.5,25725.5,25725.5,1
1761528214,25725.5,25725.75,25725.5,25725.75,1
1761528215,25725.75,25725.75,25725.5,25725.5,2
1761528216,25725.5,25725.5,25725.5,25725.5,0
1761528217,25725.5,25725.5,25725.5,25725.5,4
1761528218,25725.5,25725.5,25725.5,25725.5,0
1761528219,25725.5,25725.5,25725.5,25725.5,1
1761528220,25725.5,25725.5,25725.5,25725.5,1
1761528221,25725.5,25725.5,25725.5,25725.5,1
1761528222,25725.5,25725.5,25725.25,25725.25,1
1761528223,25725.25,25725.75,25725.25,25725.5,3
1761528224,25725.5,25725.5,25725.5,25725.5,0
1761528225,25725.5,25725.75,25725.5,25725.75,1
1761528226,25725.75,25726.25,25725.75,25726.25,1
1761528227,25726.25,25726.5,25726.25,25726.5,3
1761528228,25726.5,25726.5,25726.5,25726.5,0
1761528229,25726.5,25726.5,25725.75,25725.75,2
1761528230,25725.75,25725.75,25725.75,25725.75,0
1761528231,25725.75,25726,25725.25,25725.25,6
1761528232,25725.25,25726.25,25725,25726.25,10
1761528233,25726.25,25726.25,25726.25,25726.25,0
1761528234,25726.25,25726.25,25725.75,25726,2
1761528235,25726,25726,25726,25726,1
1761528236,25726,25726,25726,25726,2
1761528237,25726,25726,25726,25726,0
1761528238,25726,25726,25725.5,25725.5,1
1761528239,25725.5,25725.75,25725.25,25725.75,3
1761528240,25725.75,25726.25,25725.75,25725.75,2
1761528241,25725.75,25726.25,25725.75,25726.25,3
1761528242,25726.25,25726.5,25726,25726.5,6
1761528243,25726.5,25726.5,25726.5,25726.5,0
1761528244,25726.5,25726.5,25725.5,25726.5,16
1761528245,25726.5,25726.5,25725.5,25725.5,2
1761528246,25725.5,25725.5,25725.5,25725.5,0
1761528247,25725.5,25725.75,25725.5,25725.75,1
1761528248,25725.75,25725.75,25725.75,25725.75,0
1761528249,25725.75,25725.75,25725.75,25725.75,1
1761528250,25725.75,25725.75,25725.75,25725.75,0
1761528251,25725.75,25725.75,25725.75,25725.75,1
1761528252,25725.75,25725.75,25725.75,25725.75,0
1761528253,25725.75,25725.75,25725,25725.25,4
1761528254,25725.25,25725.25,25724.25,25725,6
1761528255,25725,25725,25724.5,25724.5,4
1761528256,25724.5,25724.5,25724.25,25724.25,2
1761528257,25724.25,25724.25,25724,25724,13
1761528258,25724,25724.75,25724,25724,6
1761528259,25724,25724,25724,25724,1
1761528260,25724,25724.25,25724,25724.25,1
1761528261,25724.25,25724.25,25723.75,25724.25,2
1761528262,25724.25,25724.25,25723.25,25723.25,6
1761528263,25723.25,25723.5,25723,25723,4
1761528264,25723,25723.25,25723,25723.25,6
1761528265,25723.25,25723.25,25722.5,25722.75,6
1761528266,25722.75,25723.5,25722.5,25723.5,12
1761528267,25723.5,25723.5,25722.5,25723.25,16
1761528268,25723.25,25723.5,25723.25,25723.5,1
1761528269,25723.5,25723.75,25723,25723,7
1761528270,25723,25723,25723,25723,0
1761528271,25723,25723.25,25723,25723.25,1
1761528272,25723.25,25723.5,25723.25,25723.5,2
1761528273,25723.5,25723.5,25722.75,25722.75,5
1761528274,25722.75,25723,25722.75,25722.75,7
1761528275,25722.75,25722.75,25722.5,25722.75,4
1761528276,25722.75,25723.5,25722.75,25723.5,6
1761528277,25723.5,25723.5,25722.75,25723,4
1761528278,25723,25723.25,25723,25723.25,3
1761528279,25723.25,25723.75,25722.5,25723.75,11
1761528280,25723.75,25723.75,25723.5,25723.5,1
1761528281,25723.5,25724,25723.5,25724,7
1761528282,25724,25724.75,25724,25724.75,10
1761528283,25724.75,25724.75,25724.5,25724.5,2
1761528284,25724.5,25725,25724.5,25725,9
1761528285,25725,25725,25725,25725,2
1761528286,25725,25725,25724.75,25725,9
1761528287,25725,25725,25725,25725,0
1761528288,25725,25725.25,25725,25725.25,1
1761528289,25725.25,25725.25,25725,25725,1
1761528290,25725,25725,25725,25725,1
1761528291,25725,25725,25725,25725,0
1761528292,25725,25725,25725,25725,0
1761528293,25725,25725,25724.75,25724.75,4
1761528294,25724.75,25724.75,25724.75,25724.75,0
1761528295,25724.75,25724.75,25724.75,25724.75,0
1761528296,25724.75,25724.75,25724.25,25724.25,2
1761528297,25724.25,25725,25724.25,25725,5
1761528298,25725,25725,25725,25725,0
1761528299,25725,25725,25724.75,25724.75,1
1761528300,25724.75,25724.75,25724.75,25724.75,0
1761528301,25724.75,25724.75,25724.75,25724.75,0
1761528302,25724.75,25724.75,25724.75,25724.75,1
1761528303,25724.75,25724.75,25724,25724.75,2
1761528304,25724.75,25724.75,25724.75,25724.75,0
1761528305,25724.75,25724.75,25724.5,25724.5,2
1761528306,25724.5,25724.5,25724.5,25724.5,4
1761528307,25724.5,25724.75,25724.25,25724.25,2
1761528308,25724.25,25724.25,25724.25,25724.25,0
1761528309,25724.25,25724.25,25724.25,25724.25,0
1761528310,25724.25,25725,25724.25,25724.25,11
1761528311,25724.25,25724.5,25724.25,25724.5,1
1761528312,25724.5,25724.5,25724.25,25724.25,9
1761528313,25724.25,25724.25,25724.25,25724.25,1
1761528314,25724.25,25724.25,25724,25724,2
1761528315,25724,25724.5,25724,25724.5,4
1761528316,25724.5,25725.25,25724.5,25725.25,15
1761528317,25725.25,25725.25,25725,25725,2
1761528318,25725,25725,25725,25725,0
1761528319,25725,25725,25725,25725,1
1761528320,25725,25725.25,25725,25725.25,6
1761528321,25725.25,25725.25,25725,25725,1
1761528322,25725,25725,25725,25725,0
1761528323,25725,25725,25725,25725,0
1761528324,25725,25725.75,25725,25725.75,7
1761528325,25725.75,25725.75,25724.75,25724.75,4
1761528326,25724.75,25725.75,25724.75,25725.75,3
1761528327,25725.75,25725.75,25725.75,25725.75,0
1761528328,25725.75,25725.75,25725.5,25725.75,3
1761528329,25725.75,25725.75,25725,25725.25,7
1761528330,25725.25,25725.75,25725.25,25725.75,7
1761528331,25725.75,25725.75,25725.25,25725.25,1
1761528332,25725.25,25726.25,25725.25,25726.25,7
1761528333,25726.25,25726.5,25726.25,25726.5,1
1761528334,25726.5,25726.5,25726,25726,2
1761528335,25726,25726,25726,25726,1
1761528336,25726,25726,25726,25726,1
1761528337,25726,25726.5,25726,25726.5,3
1761528338,25726.5,25726.5,25726.5,25726.5,2
1761528339,25726.5,25726.5,25726.25,25726.25,2
1761528340,25726.25,25726.25,25726.25,25726.25,0
1761528341,25726.25,25727,25726.25,25727,4
1761528342,25727,25727.5,25726.75,25727.5,15
1761528343,25727.5,25727.5,25726.5,25727.25,12
1761528344,25727.25,25727.25,25726.75,25726.75,2
1761528345,25726.75,25727.25,25726.75,25727.25,3
1761528346,25727.25,25727.5,25726.5,25726.5,12
1761528347,25726.5,25726.5,25726.5,25726.5,0
1761528348,25726.5,25726.75,25726.5,25726.75,1
1761528349,25726.75,25726.75,25726.75,25726.75,0
1761528350,25726.75,25727,25726.75,25726.75,4
1761528351,25726.75,25726.75,25726.75,25726.75,0
1761528352,25726.75,25727.25,25726.5,25727,3
1761528353,25727,25727,25727,25727,3
1761528354,25727,25728,25727,25728,9
1761528355,25728,25728,25727.5,25727.75,4
1761528356,25727.75,25727.75,25727,25727,4
1761528357,25727,25727,25727,25727,0
1761528358,25727,25727,25727,25727,1
1761528359,25727,25727.5,25727,25727.5,1
1761528360,25727.5,25727.5,25727.5,25727.5,0
1761528361,25727.5,25727.5,25727.5,25727.5,0
1761528362,25727.5,25727.75,25727.25,25727.75,14
1761528363,25727.75,25727.75,25727.5,25727.5,3
1761528364,25727.5,25727.5,25726.5,25726.5,11
1761528365,25726.5,25727,25726.5,25727,1
1761528366,25727,25727,25727,25727,0
1761528367,25727,25727,25726,25726,9
1761528368,25726,25726,25726,25726,0
1761528369,25726,25726,25726,25726,0
1761528370,25726,25726,25726,25726,0
1761528371,25726,25726.25,25726,25726.25,7
1761528372,25726.25,25726.25,25726.25,25726.25,0
1761528373,25726.25,25726.75,25726.25,25726.75,1
1761528374,25726.75,25726.75,25726.75,25726.75,0
1761528375,25726.75,25726.75,25726.75,25726.75,1
1761528376,25726.75,25726.75,25726.5,25726.5,4
1761528377,25726.5,25726.5,25726.5,25726.5,0
1761528378,25726.5,25726.5,25726.5,25726.5,0
1761528379,25726.5,25726.5,25726.5,25726.5,0
1761528380,25726.5,25727.25,25726.5,25727.25,3
1761528381,25727.25,25727.5,25727,25727.5,2
1761528382,25727.5,25727.5,25727,25727.5,3
1761528383,25727.5,25727.5,25727,25727.25,6
1761528384,25727.25,25727.25,25727.25,25727.25,1
1761528385,25727.25,25727.25,25727.25,25727.25,0
1761528386,25727.25,25727.25,25727.25,25727.25,2
1761528387,25727.25,25727.5,25727.25,25727.5,2
1761528388,25727.5,25727.5,25727.5,25727.5,3
1761528389,25727.5,25727.5,25726.75,25726.75,4
1761528390,25726.75,25727.5,25726.75,25727.5,3
1761528391,25727.5,25727.5,25726.75,25726.75,1
1761528392,25726.75,25726.75,25726.75,25726.75,1
1761528393,25726.75,25726.75,25726.75,25726.75,0
1761528394,25726.75,25726.75,25726.75,25726.75,1
1761528395,25726.75,25727.25,25726.75,25727.25,1
1761528396,25727.25,25727.25,25726.75,25726.75,3
1761528397,25726.75,25727.25,25726.75,25727.25,1
1761528398,25727.25,25727.25,25727,25727,1
1761528399,25727,25727.75,25727,25727.5,5
1761528400,25727.5,25727.5,25727.25,25727.25,1
1761528401,25727.25,25727.25,25727,25727,3
1761528402,25727,25727,25727,25727,0
1761528403,25727,25727,25727,25727,0
1761528404,25727,25727,25727,25727,0
1761528405,25727,25727,25726.25,25726.75,13
1761528406,25726.75,25727.25,25726.5,25726.5,3
1761528407,25726.5,25726.75,25726.25,25726.25,2
1761528408,25726.25,25726.25,25726.25,25726.25,0
1761528409,25726.25,25726.25,25726.25,25726.25,0
1761528410,25726.25,25726.25,25726.25,25726.25,1
1761528411,25726.25,25726.25,25726.25,25726.25,0
1761528412,25726.25,25726.25,25726.25,25726.25,0
1761528413,25726.25,25726.25,25726.25,25726.25,0
1761528414,25726.25,25726.25,25726.25,25726.25,0
1761528415,25726.25,25726.25,25726.25,25726.25,0
1761528416,25726.25,25726.5,25726.25,25726.5,1
1761528417,25726.5,25726.5,25726.5,25726.5,0
1761528418,25726.5,25726.5,25726.5,25726.5,0
1761528419,25726.5,25727,25726.5,25726.5,4
1761528420,25726.5,25726.75,25726.25,25726.25,2
1761528421,25726.25,25726.25,25726,25726,2
1761528422,25726,25726,25726,25726,0
1761528423,25726,25726.25,25726,25726.25,1
1761528424,25726.25,25727,25726.25,25727,2
1761528425,25727,25727,25726.5,25726.5,1
1761528426,25726.5,25727.25,25726.5,25727.25,7
1761528427,25727.25,25727.25,25727.25,25727.25,0
1761528428,25727.25,25727.25,25726.75,25726.75,2
1761528429,25726.75,25727.25,25726.75,25727.25,5
1761528430,25727.25,25727.25,25727.25,25727.25,0
1761528431,25727.25,25727.25,25727,25727,1
1761528432,25727,25727,25727,25727,0
1761528433,25727,25727,25726.75,25726.75,1
1761528434,25726.75,25726.75,25726.5,25726.5,2
1761528435,25726.5,25727,25726.5,25727,2
1761528436,25727,25727,25727,25727,0
1761528437,25727,25727,25727,25727,0
1761528438,25727,25727,25727,25727,5
1761528439,25727,25727,25727,25727,1
1761528440,25727,25727,25727,25727,2
1761528441,25727,25727,25727,25727,0
1761528442,25727,25727,25727,25727,0
1761528443,25727,25727.25,25727,25727,5
1761528444,25727,25727.5,25727,25727.5,1
1761528445,25727.5,25727.75,25727.5,25727.75,4
1761528446,25727.75,25727.75,25727.75,25727.75,0
1761528447,25727.75,25727.75,25727.75,25727.75,0
1761528448,25727.75,25727.75,25727.25,25727.25,1
1761528449,25727.25,25727.75,25727.25,25727.75,1
1761528450,25727.75,25727.75,25727.75,25727.75,0
1761528451,25727.75,25727.75,25727.75,25727.75,2
1761528452,25727.75,25727.75,25727.75,25727.75,0
1761528453,25727.75,25727.75,25727.75,25727.75,0
1761528454,25727.75,25727.75,25727.75,25727.75,0
1761528455,25727.75,25727.75,25727.5,25727.5,3
1761528456,25727.5,25727.5,25727.5,25727.5,0
1761528457,25727.5,25728,25727.5,25727.5,10
1761528458,25727.5,25727.5,25727.5,25727.5,0
1761528459,25727.5,25727.75,25727.5,25727.75,5
1761528460,25727.75,25727.75,25727.75,25727.75,0
1761528461,25727.75,25727.75,25727.75,25727.75,0
1761528462,25727.75,25727.75,25727.75,25727.75,1
1761528463,25727.75,25727.75,25727.75,25727.75,0
1761528464,25727.75,25727.75,25727.75,25727.75,0
1761528465,25727.75,25727.75,25727.75,25727.75,0
1761528466,25727.75,25728.5,25727.75,25727.75,16
1761528467,25727.75,25728.25,25727.5,25728.25,6
1761528468,25728.25,25728.25,25728,25728,6
1761528469,25728,25728.5,25727.75,25728,5
1761528470,25728,25728.25,25728,25728.25,4
1761528471,25728.25,25728.25,25727.5,25727.5,2
1761528472,25727.5,25728,25727.5,25728,1
1761528473,25728,25728,25727.5,25727.5,1
1761528474,25727.5,25727.5,25727.25,25727.25,2
1761528475,25727.25,25727.75,25727.25,25727.75,2
1761528476,25727.75,25727.75,25727.75,25727.75,0
1761528477,25727.75,25727.75,25727.75,25727.75,0
1761528478,25727.75,25727.75,25727.75,25727.75,2
1761528479,25727.75,25728,25727.5,25727.5,5
1761528480,25727.5,25727.5,25727.5,25727.5,0
1761528481,25727.5,25727.75,25727,25727.75,8
1761528482,25727.75,25727.75,25727.75,25727.75,0
1761528483,25727.75,25727.75,25727.75,25727.75,0
1761528484,25727.75,25728,25727.75,25727.75,2
1761528485,25727.75,25727.75,25727.75,25727.75,0
1761528486,25727.75,25727.75,25727.75,25727.75,0
1761528487,25727.75,25728.25,25727.75,25728.25,2
1761528488,25728.25,25728.25,25728.25,25728.25,0
1761528489,25728.25,25728.25,25728.25,25728.25,0
1761528490,25728.25,25728.25,25728.25,25728.25,0
1761528491,25728.25,25728.25,25728.25,25728.25,0
1761528492,25728.25,25728.25,25728.25,25728.25,0
1761528493,25728.25,25728.25,25728.25,25728.25,0
1761528494,25728.25,25728.25,25728,25728,1
1761528495,25728,25728,25726.5,25727.5,36
1761528496,25727.5,25727.5,25727.5,25727.5,0
1761528497,25727.5,25727.5,25727.25,25727.25,1
1761528498,25727.25,25727.25,25727.25,25727.25,0
1761528499,25727.25,25728,25727.25,25727.75,6
1761528500,25727.75,25727.75,25727.75,25727.75,0
1761528501,25727.75,25728,25727.25,25728,5
1761528502,25728,25728,25728,25728,0
1761528503,25728,25728,25727.5,25727.5,1
1761528504,25727.5,25727.75,25727.5,25727.75,1
1761528505,25727.75,25727.75,25727.75,25727.75,0
1761528506,25727.75,25727.75,25727.75,25727.75,1
1761528507,25727.75,25728,25727.75,25728,5
1761528508,25728,25728,25727.25,25727.25,1
1761528509,25727.25,25727.25,25727,25727,2
1761528510,25727,25727,25726.5,25726.5,2
1761528511,25726.5,25726.5,25726,25726,3
1761528512,25726,25726,25726,25726,2
1761528513,25726,25726,25725.75,25725.75,7
1761528514,25725.75,25725.75,25725.75,25725.75,0
1761528515,25725.75,25725.75,25725.75,25725.75,0
1761528516,25725.75,25726.75,25725.75,25726.75,1
1761528517,25726.75,25726.75,25726.75,25726.75,0
1761528518,25726.75,25726.75,25726.75,25726.75,1
1761528519,25726.75,25726.75,25726.75,25726.75,0
1761528520,25726.75,25726.75,25726.75,25726.75,0
1761528521,25726.75,25726.75,25726.75,25726.75,0
1761528522,25726.75,25726.75,25724.75,25725,18
1761528523,25725,25725.25,25725,25725.25,2
1761528524,25725.25,25725.25,25725.25,25725.25,0
1761528525,25725.25,25725.25,25725.25,25725.25,0
1761528526,25725.25,25725.25,25725,25725.25,4
1761528527,25725.25,25725.5,25725.25,25725.5,1
1761528528,25725.5,25725.5,25724.75,25724.75,2
1761528529,25724.75,25724.75,25724.75,25724.75,0
1761528530,25724.75,25725.25,25724.75,25725.25,12
1761528531,25725.25,25725.75,25725.25,25725.75,6
1761528532,25725.75,25725.75,25725,25725,2
1761528533,25725,25725,25724.5,25724.75,14
1761528534,25724.75,25724.75,25724.5,25724.5,6
1761528535,25724.5,25724.5,25724.5,25724.5,0
1761528536,25724.5,25724.5,25723.75,25724.25,25
1761528537,25724.25,25724.25,25724.25,25724.25,0
1761528538,25724.25,25724.25,25724.25,25724.25,1
1761528539,25724.25,25724.25,25724.25,25724.25,2
1761528540,25724.25,25724.25,25723.75,25723.75,10
1761528541,25723.75,25724,25723.75,25724,3
1761528542,25724,25724,25724,25724,0
1761528543,25724,25724,25724,25724,1
1761528544,25724,25724,25724,25724,0
1761528545,25724,25724,25724,25724,0
1761528546,25724,25724,25724,25724,0
1761528547,25724,25725,25724,25724.75,10
1761528548,25724.75,25724.75,25724.75,25724.75,0
1761528549,25724.75,25724.75,25724.75,25724.75,0
1761528550,25724.75,25725.75,25724.75,25725.75,5
1761528551,25725.75,25725.75,25725.75,25725.75,0
1761528552,25725.75,25726,25725.75,25726,2
1761528553,25726,25726,25726,25726,0
1761528554,25726,25726,25725.5,25726,6
1761528555,25726,25726,25725.5,25725.5,1
1761528556,25725.5,25725.75,25725.5,25725.75,3
1761528557,25725.75,25725.75,25725.75,25725.75,1
1761528558,25725.75,25725.75,25725.75,25725.75,0
1761528559,25725.75,25725.75,25723.75,25724.25,15
1761528560,25724.25,25724.25,25724.25,25724.25,0
1761528561,25724.25,25724.5,25724,25724.25,3
1761528562,25724.25,25724.25,25724.25,25724.25,2
1761528563,25724.25,25724.25,25723.75,25723.75,3
1761528564,25723.75,25723.75,25723.75,25723.75,0
1761528565,25723.75,25723.75,25723.25,25723.25,15
1761528566,25723.25,25723.75,25723.25,25723.75,2
1761528567,25723.75,25723.75,25723.5,25723.5,6
1761528568,25723.5,25724,25723.5,25724,2
1761528569,25724,25724,25723.25,25723.25,4
1761528570,25723.25,25723.25,25723.25,25723.25,0
1761528571,25723.25,25723.25,25723.25,25723.25,0
1761528572,25723.25,25724,25723.25,25724,1
1761528573,25724,25724,25723.25,25723.25,2
1761528574,25723.25,25723.5,25723.25,25723.25,11
1761528575,25723.25,25723.25,25723.25,25723.25,1
1761528576,25723.25,25723.25,25723.25,25723.25,0
1761528577,25723.25,25723.75,25723.25,25723.75,3
1761528578,25723.75,25724,25723.75,25724,2
1761528579,25724,25724,25724,25724,0
1761528580,25724,25724.75,25724,25724.75,1
1761528581,25724.75,25724.75,25724.75,25724.75,0
1761528582,25724.75,25724.75,25724.75,25724.75,1
1761528583,25724.75,25724.75,25724.25,25724.75,2
1761528584,25724.75,25724.75,25724.25,25724.25,2
1761528585,25724.25,25724.25,25724.25,25724.25,0
1761528586,25724.25,25724.25,25724.25,25724.25,0
1761528587,25724.25,25724.25,25723.75,25723.75,1
1761528588,25723.75,25723.75,25723.75,25723.75,1
1761528589,25723.75,25723.75,25723.75,25723.75,1
1761528590,25723.75,25724,25723.75,25724,4
1761528591,25724,25724,25724,25724,3
1761528592,25724,25724,25723.75,25723.75,2
1761528593,25723.75,25723.75,25723.75,25723.75,0
1761528594,25723.75,25724,25723.25,25723.75,8
1761528595,25723.75,25724.25,25723,25723,48
1761528596,25723,25723,25723,25723,0
1761528597,25723,25723.5,25723,25723.25,3
1761528598,25723.25,25724.25,25723.25,25724.25,6
1761528599,25724.25,25724.25,25723.25,25723.25,6
1761528600,25723.25,25724,25723.25,25724,4
1761528601,25724,25724,25723.25,25723.75,3
1761528602,25723.75,25724,25723.75,25724,2
1761528603,25724,25724,25724,25724,2
1761528604,25724,25724,25724,25724,0
1761528605,25724,25724,25723.25,25723.5,5
1761528606,25723.5,25723.5,25723,25723,1
1761528607,25723,25723,25723,25723,1
1761528608,25723,25723,25723,25723,0
1761528609,25723,25723,25722,25722,23
1761528610,25722,25722.25,25722,25722.25,1
1761528611,25722.25,25722.25,25721.25,25722,20
1761528612,25722,25722,25721.5,25721.75,10
1761528613,25721.75,25721.75,25721.5,25721.5,2
1761528614,25721.5,25721.5,25721.5,25721.5,0
1761528615,25721.5,25722,25721.5,25722,2
1761528616,25722,25723,25721.75,25723,6
1761528617,25723,25723.25,25722.5,25723.25,4
1761528618,25723.25,25723.25,25722.25,25722.5,7
1761528619,25722.5,25723.25,25722.5,25723.25,2
1761528620,25723.25,25723.5,25723.25,25723.5,1
1761528621,25723.5,25723.75,25723.5,25723.75,2
1761528622,25723.75,25723.75,25723.75,25723.75,0
1761528623,25723.75,25723.75,25723.75,25723.75,0
1761528624,25723.75,25723.75,25723.75,25723.75,1
1761528625,25723.75,25723.75,25723.5,25723.5,11
1761528626,25723.5,25723.5,25723.25,25723.25,1
1761528627,25723.25,25723.25,25723.25,25723.25,0
1761528628,25723.25,25723.25,25722.75,25723,6
1761528629,25723,25723,25722.5,25722.5,11
1761528630,25722.5,25722.5,25722,25722,1
1761528631,25722,25722.5,25721.5,25721.75,3
1761528632,25721.75,25721.75,25721.5,25721.5,5
1761528633,25721.5,25721.5,25721.5,25721.5,2
1761528634,25721.5,25721.75,25721.5,25721.75,1
1761528635,25721.75,25721.75,25721.75,25721.75,1
1761528636,25721.75,25722,25721.75,25722,1
1761528637,25722,25722,25722,25722,0
1761528638,25722,25722,25722,25722,0
1761528639,25722,25722,25721.25,25721.25,4
1761528640,25721.25,25722,25721.25,25722,4
1761528641,25722,25722,25721.75,25721.75,1
1761528642,25721.75,25722.25,25721.75,25722,6
1761528643,25722,25722.25,25722,25722.25,1
1761528644,25722.25,25723.25,25722.25,25723,14
1761528645,25723,25723,25722.25,25722.25,1
1761528646,25722.25,25723,25722.25,25723,1
1761528647,25723,25723,25723,25723,0
1761528648,25723,25723,25722.5,25722.5,1
1761528649,25722.5,25722.5,25722.5,25722.5,0
1761528650,25722.5,25722.5,25722.5,25722.5,0
1761528651,25722.5,25722.5,25722.5,25722.5,0
1761528652,25722.5,25722.5,25722.5,25722.5,0
1761528653,25722.5,25722.5,25722.5,25722.5,0
1761528654,25722.5,25722.75,25722.5,25722.5,7
1761528655,25722.5,25722.5,25722.5,25722.5,0
1761528656,25722.5,25722.5,25722.5,25722.5,0
1761528657,25722.5,25723.25,25722.5,25723.25,1
1761528658,25723.25,25723.75,25723.25,25723.75,9
1761528659,25723.75,25723.75,25723.25,25723.25,1
1761528660,25723.25,25724.5,25723.25,25724.25,17
1761528661,25724.25,25724.25,25723.75,25723.75,4
1761528662,25723.75,25724,25723.75,25723.75,3
1761528663,25723.75,25724.5,25723.75,25724.5,1
1761528664,25724.5,25724.5,25724.5,25724.5,2
1761528665,25724.5,25724.5,25724.25,25724.5,3
1761528666,25724.5,25724.5,25724.25,25724.25,1
1761528667,25724.25,25725,25724,25725,9
1761528668,25725,25725,25724.5,25724.5,6
1761528669,25724.5,25724.75,25724.5,25724.75,1
1761528670,25724.75,25724.75,25724.75,25724.75,0
1761528671,25724.75,25724.75,25724.75,25724.75,0
1761528672,25724.75,25724.75,25723.5,25723.5,2
1761528673,25723.5,25724,25723.5,25724,5
1761528674,25724,25724,25723.5,25724,2
1761528675,25724,25724,25723.75,25723.75,1
1761528676,25723.75,25723.75,25723.75,25723.75,0
1761528677,25723.75,25723.75,25723.75,25723.75,0
1761528678,25723.75,25723.75,25723.25,25723.5,5
1761528679,25723.5,25723.5,25723.5,25723.5,0
1761528680,25723.5,25723.5,25723.5,25723.5,13
1761528681,25723.5,25723.5,25723.5,25723.5,0
1761528682,25723.5,25724,25723.5,25724,4
1761528683,25724,25724,25724,25724,0
1761528684,25724,25724,25724,25724,0
1761528685,25724,25724,25724,25724,1
1761528686,25724,25724,25724,25724,0
1761528687,25724,25724,25723.5,25723.75,2
1761528688,25723.75,25723.75,25723.5,25723.5,1
1761528689,25723.5,25723.5,25723.5,25723.5,0
1761528690,25723.5,25723.5,25723.5,25723.5,0
1761528691,25723.5,25723.75,25723.5,25723.75,1
1761528692,25723.75,25723.75,25723.25,25723.75,5
1761528693,25723.75,25723.75,25723.25,25723.25,1
1761528694,25723.25,25723.25,25723,25723.25,2
1761528695,25723.25,25723.75,25722.75,25723.75,6
1761528696,25723.75,25723.75,25723.5,25723.5,1
1761528697,25723.5,25723.5,25723.5,25723.5,0
1761528698,25723.5,25723.75,25723.5,25723.5,3
1761528699,25723.5,25723.5,25723.5,25723.5,0
1761528700,25723.5,25724,25723.5,25723.5,2
1761528701,25723.5,25723.5,25723.25,25723.25,3
1761528702,25723.25,25723.25,25723.25,25723.25,0
1761528703,25723.25,25723.25,25723.25,25723.25,0
1761528704,25723.25,25723.5,25723,25723.5,3
1761528705,25723.5,25723.5,25723.5,25723.5,0
1761528706,25723.5,25723.5,25723,25723,3
1761528707,25723,25723,25723,25723,0
1761528708,25723,25723.5,25723,25723.5,5
1761528709,25723.5,25723.5,25723.5,25723.5,0
1761528710,25723.5,25723.75,25723.25,25723.75,2
1761528711,25723.75,25723.75,25723.75,25723.75,0
1761528712,25723.75,25723.75,25723.75,25723.75,1
1761528713,25723.75,25723.75,25723.75,25723.75,1
1761528714,25723.75,25723.75,25723,25723,2
1761528715,25723,25723.25,25723,25723.25,1
1761528716,25723.25,25723.25,25723.25,25723.25,0
1761528717,25723.25,25723.25,25722.75,25722.75,1
1761528718,25722.75,25722.75,25722.75,25722.75,3
1761528719,25722.75,25723.25,25722.75,25723.25,1
1761528720,25723.25,25723.25,25723.25,25723.25,0
1761528721,25723.25,25723.5,25723.25,25723.25,8
1761528722,25723.25,25723.25,25723.25,25723.25,0
1761528723,25723.25,25723.25,25723.25,25723.25,0
1761528724,25723.25,25723.25,25722.5,25722.75,2
1761528725,25722.75,25722.75,25722.25,25722.25,1
1761528726,25722.25,25722.25,25722.25,25722.25,0
1761528727,25722.25,25722.25,25722.25,25722.25,0
1761528728,25722.25,25722.75,25722.25,25722.75,1
1761528729,25722.75,25722.75,25722.5,25722.5,1
1761528730,25722.5,25722.75,25722.5,25722.5,5
1761528731,25722.5,25722.5,25722.5,25722.5,0
1761528732,25722.5,25722.5,25722.5,25722.5,0
1761528733,25722.5,25723.25,25722.5,25723.25,2
1761528734,25723.25,25723.25,25723.25,25723.25,0
1761528735,25723.25,25723.5,25723.25,25723.5,1
1761528736,25723.5,25723.5,25723.5,25723.5,0
1761528737,25723.5,25724,25723.5,25724,2
1761528738,25724,25724.5,25724,25724.5,2
1761528739,25724.5,25724.5,25723.75,25724,3
1761528740,25724,25725,25724,25724,13
1761528741,25724,25725,25724,25725,4
1761528742,25725,25725,25725,25725,2
1761528743,25725,25725,25724.25,25724.5,7
1761528744,25724.5,25724.5,25724.5,25724.5,0
1761528745,25724.5,25725,25724.5,25724.75,2
1761528746,25724.75,25725,25724.75,25725,3
1761528747,25725,25725,25725,25725,0
1761528748,25725,25725,25725,25725,0
1761528749,25725,25725,25725,25725,2
1761528750,25725,25725,25725,25725,0
1761528751,25725,25725,25725,25725,0
1761528752,25725,25725,25725,25725,0
1761528753,25725,25726.25,25725,25725.5,21
1761528754,25725.5,25725.5,25725.25,25725.5,6
1761528755,25725.5,25726,25725.5,25726,3
1761528756,25726,25726.25,25725.5,25725.5,5
1761528757,25725.5,25726,25725.5,25726,3
1761528758,25726,25726,25726,25726,1
1761528759,25726,25726,25725.5,25725.5,4
1761528760,25725.5,25725.75,25725.5,25725.75,2
1761528761,25725.75,25725.75,25724.75,25724.75,14
1761528762,25724.75,25724.75,25724.75,25724.75,0
1761528763,25724.75,25724.75,25724.75,25724.75,0
1761528764,25724.75,25725.25,25724.75,25725.25,1
1761528765,25725.25,25725.25,25725,25725,1
1761528766,25725,25725,25725,25725,0
1761528767,25725,25725,25725,25725,0
1761528768,25725,25725,25725,25725,2
1761528769,25725,25725.25,25725,25725.25,1
1761528770,25725.25,25725.25,25725,25725,1
1761528771,25725,25725.5,25725,25725.5,1
1761528772,25725.5,25725.5,25725.25,25725.25,1
1761528773,25725.25,25725.25,25725.25,25725.25,0
1761528774,25725.25,25725.25,25724.5,25724.5,1
1761528775,25724.5,25725,25724.5,25725,1
1761528776,25725,25725,25725,25725,1
1761528777,25725,25725,25725,25725,0
1761528778,25725,25725,25725,25725,0
1761528779,25725,25725,25725,25725,0
1761528780,25725,25725,25725,25725,0
1761528781,25725,25725,25725,25725,0
1761528782,25725,25725.25,25725,25725.25,2
1761528783,25725.25,25725.25,25724.5,25724.5,3
1761528784,25724.5,25724.5,25724.5,25724.5,1
1761528785,25724.5,25724.5,25724.5,25724.5,0
1761528786,25724.5,25724.5,25724.5,25724.5,0
1761528787,25724.5,25724.5,25724.5,25724.5,1
1761528788,25724.5,25724.5,25724.5,25724.5,0
1761528789,25724.5,25724.5,25724.5,25724.5,0
1761528790,25724.5,25724.5,25724.5,25724.5,0
1761528791,25724.5,25724.5,25724.5,25724.5,0
1761528792,25724.5,25724.5,25724.5,25724.5,0
1761528793,25724.5,25724.5,25724.5,25724.5,0
1761528794,25724.5,25724.5,25724.5,25724.5,1
1761528795,25724.5,25724.5,25724.5,25724.5,0
1761528796,25724.5,25724.5,25724,25724,9
1761528797,25724,25724,25724,25724,1
1761528798,25724,25724,25723.75,25723.75,1
1761528799,25723.75,25724.75,25723.75,25724.75,8
1761528800,25724.75,25724.75,25724.75,25724.75,0
1761528801,25724.75,25724.75,25724.75,25724.75,0
1761528802,25724.75,25725.25,25724.75,25725,5
1761528803,25725,25725,25725,25725,0
1761528804,25725,25725,25724.25,25724.25,2
1761528805,25724.25,25724.25,25724.25,25724.25,0
1761528806,25724.25,25724.25,25724.25,25724.25,0
1761528807,25724.25,25724.25,25724.25,25724.25,1
1761528808,25724.25,25724.25,25724.25,25724.25,0
1761528809,25724.25,25724.25,25724.25,25724.25,0
1761528810,25724.25,25724.75,25724.25,25724.75,2
1761528811,25724.75,25724.75,25724.5,25724.75,5
1761528812,25724.75,25725,25724.5,25725,3
1761528813,25725,25725,25725,25725,2
1761528814,25725,25725,25725,25725,0
1761528815,25725,25725,25724.5,25724.5,7
1761528816,25724.5,25724.5,25724.25,25724.25,1
1761528817,25724.25,25724.25,25724.25,25724.25,0
1761528818,25724.25,25724.25,25724.25,25724.25,0
1761528819,25724.25,25724.25,25724.25,25724.25,2
1761528820,25724.25,25724.25,25723.5,25723.75,17
1761528821,25723.75,25723.75,25723,25723,4
1761528822,25723,25723,25723,25723,0
1761528823,25723,25723,25723,25723,1
1761528824,25723,25723,25723,25723,0
1761528825,25723,25723.75,25723,25723.75,1
1761528826,25723.75,25723.75,25723.75,25723.75,0
1761528827,25723.75,25723.75,25723.75,25723.75,0
1761528828,25723.75,25723.75,25723.75,25723.75,1
